{
  "denoise_pretrain": {
    "train_loss": [
      0.3207997942632501,
      0.17795378669074297,
      0.13374651750610192,
      0.11449629889417856,
      0.09962110925425476
    ],
    "val_loss": [
      0.2646963291110531,
      0.17098508763217157,
      0.12607972335911566,
      0.12917176249527162,
      0.11969713241823259
    ]
  },
  "finetune": {
    "train_loss": [
      0.06649013698464158,
      0.056326128175946136,
      0.05129618192300039,
      0.04825935480168042,
      0.04451022725148859
    ],
    "val_loss": [
      0.058788383920346535,
      0.05138632793339991,
      0.04719376251582177,
      0.046747777460803906,
      0.05289523255440497
    ]
  }
}